KIDEN;Sinistralite;Code usage;Age;Sexe;Code Langue;Code postal;Bonus-malus n;Bonus-Malus n_1;Puissance;Date;Annee vehicule;Primes
1;1;2;1;1;1;2;2;1;2;1;1;1
2;1;2;1;1;2;2;1;1;1;1;1;2
3;1;2;1;1;2;2;1;1;2;1;1;2
8;1;2;1;1;1;2;1;1;2;2;1;2
11;1;2;2;1;1;2;1;1;2;1;1;2
12;1;2;1;1;1;2;1;1;1;1;1;2
14;1;2;1;1;1;2;1;1;1;1;1;2
15;1;2;1;1;2;2;1;1;1;1;1;1
16;1;2;1;2;1;2;1;1;2;1;1;1
17;2;2;1;1;1;2;1;1;2;1;1;2
18;1;2;1;1;1;1;1;1;1;1;1;2
19;1;2;1;2;2;2;1;1;1;1;1;2
20;1;2;1;1;1;2;1;1;1;1;1;2
21;1;2;2;2;1;1;1;1;1;1;1;2
22;1;2;1;1;1;2;1;1;1;1;2;2
23;1;2;2;1;2;2;1;1;2;1;2;2
25;2;2;1;1;2;2;1;1;1;1;2;2
26;1;2;1;1;2;2;1;1;2;1;1;2
28;2;2;1;2;1;1;1;2;1;1;2;2
30;1;2;1;1;1;2;1;1;2;1;1;2
33;1;2;1;1;1;2;1;1;2;1;1;2
37;1;2;1;1;2;2;1;1;1;1;1;2
38;1;2;1;1;2;2;1;2;2;1;1;2
39;1;2;1;1;2;2;1;2;1;2;1;2
40;1;2;1;1;1;2;1;1;1;1;1;2
43;1;2;1;1;1;1;1;1;2;1;1;2
44;2;2;1;1;1;2;1;2;1;2;1;3
45;1;2;1;1;1;2;1;2;1;2;1;2
47;2;2;2;2;2;2;2;2;1;2;1;3
48;1;1;1;3;2;2;1;1;2;2;1;3
49;1;2;1;1;1;2;1;1;1;2;1;1
51;2;2;1;1;1;2;1;1;2;1;2;2
52;1;2;1;1;1;2;1;1;1;1;1;2
53;1;2;1;1;1;2;1;1;2;1;1;2
54;1;2;1;1;2;2;1;2;2;1;2;2
55;1;2;1;1;1;2;1;1;1;1;1;2
56;1;2;1;1;1;2;1;1;1;1;1;2
57;2;1;1;3;1;2;2;2;1;1;2;3
58;2;2;2;1;1;2;2;1;2;1;1;2
59;1;2;1;1;1;2;1;1;2;1;1;2
60;1;2;1;2;1;2;1;1;1;1;1;2
61;1;2;1;1;1;2;1;1;1;1;1;2
62;1;2;1;2;1;2;1;1;2;1;1;1
63;2;1;1;1;1;2;1;1;2;1;2;2
65;1;2;1;2;1;2;1;1;1;1;1;2
66;1;2;1;1;2;2;2;1;1;1;2;2
67;2;1;1;3;1;1;2;2;2;1;1;2
69;2;2;1;2;1;1;2;2;1;1;2;3
70;2;2;1;1;1;1;2;2;1;1;2;3
71;1;2;1;1;1;2;1;1;2;1;1;1
72;2;2;1;1;1;1;1;2;2;1;1;3
73;1;2;1;1;1;2;1;1;2;1;2;2
74;1;2;1;2;2;2;1;1;1;1;2;2
75;1;2;1;2;2;2;1;1;2;1;1;1
77;2;2;2;1;2;2;2;2;2;2;2;1
78;1;2;2;1;2;2;1;1;2;2;1;1
79;1;1;1;1;2;2;1;1;2;1;1;2
80;1;2;1;1;1;2;1;1;2;1;1;2
81;1;2;2;1;1;2;1;1;2;1;1;2
84;1;2;1;2;1;2;1;1;1;1;1;2
86;2;2;1;2;1;2;2;2;1;1;2;2
87;1;2;1;1;1;2;1;1;1;1;1;2
88;2;2;2;1;1;2;1;1;1;1;2;2
89;2;2;2;1;1;1;1;1;1;1;1;2
90;1;2;1;1;1;2;1;1;1;1;1;2
91;2;1;2;1;1;1;2;2;2;1;1;3
92;1;2;1;1;1;2;1;1;1;1;1;2
94;1;2;2;1;2;2;1;1;2;1;1;2
95;1;2;1;1;2;2;1;1;1;1;1;2
97;2;2;1;1;1;2;1;1;1;1;1;2
98;1;2;2;1;1;2;1;1;1;1;1;2
99;1;2;2;1;1;2;1;1;1;1;1;2
100;1;2;1;1;1;1;1;1;1;1;1;2
102;1;1;1;1;1;1;1;1;2;1;1;2
103;1;2;1;1;1;2;1;1;2;1;1;2
105;1;2;1;1;1;2;1;1;2;1;2;1
106;2;1;1;1;1;2;2;2;1;1;1;3
107;2;1;1;1;1;1;2;2;1;1;1;3
108;2;2;1;1;2;2;1;1;1;1;1;2
109;1;2;1;1;1;2;1;1;1;1;1;2
110;1;2;1;1;1;2;1;1;1;1;1;1
111;1;2;1;2;1;1;1;1;1;1;1;2
112;1;2;1;1;2;2;1;1;1;1;1;2
113;1;2;2;1;1;2;1;1;2;1;1;2
114;1;2;1;2;1;1;1;1;2;1;2;2
115;1;2;1;1;1;2;1;1;2;1;1;2
116;1;2;1;2;1;1;1;1;2;1;1;1
119;1;1;2;1;1;1;1;1;1;1;1;2
121;1;2;2;1;1;2;1;1;2;1;1;1
122;1;2;1;1;2;2;1;1;2;1;1;2
125;1;2;2;1;1;2;1;1;1;1;2;2
126;1;2;1;1;1;2;1;1;2;1;1;2
128;1;2;2;1;2;2;1;1;1;1;1;2
129;1;2;1;2;1;2;1;1;2;1;1;1
131;1;2;2;1;1;2;1;1;2;1;1;2
132;2;2;1;2;1;1;1;1;2;1;1;2
135;1;2;2;2;1;2;1;1;1;1;1;2
136;2;1;2;1;1;2;2;2;1;1;1;3
139;2;2;1;1;1;1;1;1;1;1;1;2
140;1;2;1;1;1;2;1;1;2;1;1;2
141;2;2;2;1;1;1;2;2;2;1;1;2
142;2;2;2;1;1;2;1;1;2;1;1;2
143;1;2;1;1;2;2;1;1;1;1;1;2
145;1;2;2;1;1;1;1;1;2;1;1;2
146;2;1;1;3;1;1;2;2;2;1;2;3
148;1;2;1;2;1;2;1;1;2;1;1;1
149;1;2;1;2;2;2;1;1;1;1;1;2
150;1;2;1;2;1;1;1;1;2;1;1;1
151;1;2;2;1;2;2;1;1;2;1;1;1
152;2;2;1;2;1;1;2;2;2;1;2;2
154;2;1;1;2;1;2;2;2;2;1;2;3
159;2;2;2;1;1;2;1;2;2;1;1;2
160;1;2;1;1;1;1;1;1;1;1;1;2
161;2;2;1;2;1;2;1;2;2;1;2;3
162;1;2;1;1;1;2;1;1;2;1;1;2
163;1;2;1;2;1;1;1;1;2;1;1;1
165;2;2;1;1;2;2;2;1;2;1;2;2
166;1;2;2;2;1;2;1;1;2;1;1;1
168;1;2;1;1;1;2;1;1;1;1;1;1
169;1;2;1;2;2;2;1;1;1;1;1;2
170;1;2;1;1;2;2;1;1;2;1;1;2
172;2;2;2;1;1;1;2;2;2;1;1;3
173;2;2;1;1;1;2;1;1;2;1;1;1
174;2;2;1;3;2;2;1;2;2;1;1;1
176;2;1;1;1;1;2;2;2;2;1;1;3
179;1;2;1;1;1;2;1;1;2;1;1;1
180;1;2;1;1;2;2;1;1;1;1;1;2
181;2;2;2;1;1;1;2;2;1;1;2;2
182;1;2;1;1;2;2;1;1;2;1;1;2
183;2;2;1;1;1;1;2;2;2;1;2;2
185;1;2;1;2;1;1;1;1;1;1;1;2
186;1;2;1;1;1;1;2;1;1;1;1;2
187;1;2;1;1;2;2;1;1;1;1;1;2
188;1;2;1;2;1;1;1;1;1;1;1;2
189;1;2;1;2;2;1;2;2;1;1;1;3
190;1;2;1;2;2;2;1;1;2;1;1;1
191;2;1;1;3;1;1;2;2;1;1;1;3
192;1;2;1;1;1;2;1;1;1;1;1;2
195;1;2;1;1;1;2;1;1;2;1;1;2
196;1;2;1;1;1;2;1;1;1;1;1;2
197;1;2;1;1;1;2;1;1;2;1;1;1
198;2;1;2;3;1;2;1;1;2;1;2;3
199;1;2;1;1;1;2;1;1;2;1;2;1
201;2;1;1;3;1;1;2;2;2;1;1;3
204;1;2;1;2;1;1;1;1;2;1;1;1
207;1;2;1;1;2;2;1;1;2;1;1;2
208;2;2;1;1;1;2;2;2;2;1;2;3
210;1;2;1;2;2;2;1;1;1;1;1;2
211;1;2;1;1;2;2;1;1;2;1;1;1
212;1;2;1;2;1;2;1;1;2;1;1;1
213;1;2;1;1;2;2;1;2;2;1;1;2
214;2;1;1;1;1;1;1;2;1;1;1;2
215;2;1;1;1;1;2;2;2;1;1;1;3
217;1;2;2;1;2;2;1;1;1;1;1;2
218;2;2;2;1;1;2;2;2;2;1;1;3
220;1;2;2;1;2;2;1;1;1;1;1;2
221;1;2;1;1;1;1;1;1;2;1;1;2
222;1;1;1;3;1;1;1;2;1;1;1;2
223;1;2;1;1;1;2;1;1;2;1;1;2
224;1;1;1;1;1;2;2;1;2;1;2;2
225;1;2;1;1;1;2;1;1;2;1;1;2
226;1;2;1;1;1;2;1;1;1;1;1;2
228;2;1;1;1;1;2;2;2;1;1;1;3
230;1;2;1;1;1;2;1;1;2;1;1;2
232;2;2;2;2;2;1;1;1;1;1;2;2
233;1;2;1;1;1;2;1;1;2;1;1;1
234;1;2;1;1;1;2;1;1;2;1;1;1
235;2;2;1;2;1;2;2;2;1;1;2;3
236;1;1;1;3;1;2;1;1;2;1;1;2
237;1;2;1;1;2;2;1;1;2;1;1;2
238;1;2;1;1;2;2;1;1;1;1;1;2
239;1;2;2;1;1;1;1;1;1;1;1;2
240;2;1;1;3;1;1;2;2;1;1;2;3
241;1;1;2;2;1;1;2;2;1;1;1;3
242;1;2;2;1;1;2;1;1;2;1;1;2
244;1;2;1;2;1;2;1;1;2;1;1;1
245;2;1;2;1;2;1;1;1;1;1;1;2
247;1;2;1;2;1;1;1;1;1;1;1;2
249;1;2;2;2;1;1;1;1;1;1;1;2
252;2;2;1;1;2;2;2;2;1;1;1;2
256;1;2;1;1;1;2;1;1;2;1;1;2
257;2;2;1;1;1;1;2;2;2;1;1;3
258;1;2;1;1;1;2;1;1;2;1;1;1
261;1;2;1;1;1;2;1;1;2;1;2;2
262;2;2;1;3;1;1;1;1;1;1;2;2
264;1;2;1;2;1;2;1;1;1;1;1;2
266;2;1;2;2;1;1;1;1;1;1;2;2
267;1;2;2;1;1;2;1;1;2;1;2;2
268;1;2;1;1;1;2;1;2;2;1;1;1
271;1;2;1;1;1;2;1;1;1;1;1;2
272;2;1;1;1;1;2;2;2;2;1;2;3
273;1;2;2;2;1;1;1;1;1;1;1;2
274;1;2;1;1;1;2;1;1;2;1;1;1
275;1;2;2;1;1;2;1;1;1;1;1;2
276;1;2;2;1;1;2;2;2;1;1;1;2
278;1;2;1;1;1;2;1;1;2;1;1;1
280;2;2;1;1;1;2;1;2;1;1;1;2
281;1;2;1;1;1;2;2;1;1;1;1;2
282;1;2;1;1;1;2;1;1;2;1;1;2
283;1;2;1;1;2;2;1;1;2;2;1;2
284;1;2;2;1;1;1;2;1;2;1;1;2
285;1;2;2;2;1;2;2;2;2;1;1;3
286;1;2;2;1;2;2;1;1;2;1;1;1
287;1;2;1;2;2;2;1;1;2;1;1;1
288;1;2;1;1;1;1;2;2;2;1;1;2
289;1;2;2;1;2;2;1;1;1;1;1;2
290;1;2;2;2;1;1;2;2;1;1;1;2
291;2;2;1;2;2;1;1;1;2;1;1;2
292;2;2;1;2;1;2;1;1;2;1;1;2
293;1;2;2;1;2;2;1;1;1;1;1;2
294;1;2;1;1;1;2;1;1;1;1;2;2
296;1;2;1;1;2;2;1;1;2;1;1;1
297;1;2;2;1;1;2;2;2;1;1;2;2
298;2;2;2;1;1;2;1;1;2;1;2;2
299;1;2;2;1;2;2;1;1;2;1;1;1
300;1;2;1;1;1;2;1;1;1;1;1;2
302;1;2;1;1;2;2;2;2;2;1;1;3
303;1;2;1;1;2;2;2;1;1;1;1;2
305;1;2;1;1;2;2;1;1;2;1;1;2
306;1;2;1;1;1;2;1;1;2;1;1;2
307;1;2;1;1;1;2;1;1;1;1;2;2
308;1;2;2;1;1;2;1;1;1;1;1;2
309;1;2;2;3;2;1;1;1;1;1;1;1
310;1;2;1;1;1;2;1;1;2;1;1;2
311;1;2;2;2;1;2;1;1;1;1;1;2
312;2;2;2;1;1;2;1;1;1;1;2;2
313;2;1;1;1;1;1;2;2;2;1;1;3
314;1;2;1;1;1;2;1;1;1;1;1;2
315;1;2;1;1;1;2;1;1;1;1;1;2
316;2;2;2;1;1;2;2;1;1;1;2;2
318;2;2;2;1;1;2;1;2;1;1;2;2
319;2;2;2;1;1;2;2;2;1;1;2;2
320;2;1;2;1;1;1;1;1;2;1;2;3
321;1;2;2;1;1;2;1;1;1;1;1;2
322;2;2;2;1;1;2;1;2;2;1;1;2
323;1;2;1;2;1;2;1;1;1;1;2;2
324;1;2;1;2;2;1;1;1;1;1;1;2
326;1;2;2;2;1;2;1;1;2;1;1;2
327;2;2;2;1;1;1;2;2;2;1;1;3
328;1;2;1;1;1;2;1;1;2;1;1;1
329;2;2;2;2;1;1;1;2;1;1;1;2
330;1;2;1;1;2;2;1;1;1;1;1;2
331;1;2;1;3;1;1;2;2;2;1;1;3
332;2;1;1;3;1;1;2;2;1;1;1;3
333;1;2;1;2;1;2;1;1;2;1;2;2
336;1;2;1;1;2;2;1;1;2;1;1;2
337;1;2;2;2;1;1;1;1;2;1;1;2
338;1;2;1;1;2;2;2;2;1;1;1;3
340;2;2;1;1;1;2;1;1;1;1;1;2
341;1;2;1;1;1;1;2;2;1;1;2;3
342;2;2;2;1;2;2;1;1;2;1;2;2
343;2;1;1;3;2;2;2;2;2;1;2;3
344;1;2;1;2;1;2;1;1;2;1;1;1
345;1;1;2;1;2;2;1;1;1;1;1;2
346;2;2;1;1;1;1;2;2;1;1;1;3
347;2;2;2;1;1;1;1;1;2;1;1;2
348;1;2;1;1;2;2;1;1;1;1;1;2
350;2;2;2;1;1;1;2;2;2;1;1;3
352;1;2;1;1;1;1;1;1;2;1;1;2
355;1;2;1;2;1;2;1;1;2;1;1;2
357;2;2;1;2;1;1;2;2;2;1;1;2
358;1;2;1;1;1;2;2;2;2;1;1;2
359;1;2;1;2;1;2;1;1;2;1;1;1
360;1;1;1;1;2;2;1;1;2;1;1;2
361;2;2;2;3;1;2;2;2;1;1;1;2
362;2;2;2;1;1;2;2;2;1;1;2;2
363;2;1;1;3;1;1;2;2;2;1;1;3
364;2;2;1;2;2;2;1;1;1;1;1;2
365;2;2;1;2;2;2;1;1;1;1;2;2
366;1;2;1;1;1;1;1;1;2;1;1;1
368;1;2;1;2;1;1;1;2;1;1;1;2
369;2;2;1;1;1;1;1;2;2;1;2;2
370;2;2;2;1;1;1;2;2;2;1;2;2
372;1;2;2;1;1;1;1;1;1;1;2;2
373;2;2;2;2;1;2;2;2;1;1;2;2
374;1;1;2;1;1;1;2;2;1;1;1;2
375;1;2;1;1;2;2;2;1;2;1;1;2
376;2;2;2;1;1;1;1;1;1;1;2;2
377;2;2;2;1;2;2;2;2;2;1;2;2
380;1;2;1;2;1;1;1;1;1;1;1;2
381;1;2;2;1;1;2;1;1;1;1;1;2
382;2;2;2;1;2;1;2;2;2;1;1;2
383;1;2;1;2;2;2;2;2;1;1;1;2
384;2;2;2;2;1;1;1;2;1;1;1;2
385;1;2;1;2;1;2;1;1;2;1;1;2
386;1;2;2;1;2;2;2;2;1;1;2;3
387;1;2;2;1;1;2;1;1;2;1;1;1
389;1;2;2;1;1;1;2;2;1;1;1;2
390;1;1;1;3;1;1;1;1;2;1;1;2
391;1;2;1;1;1;2;1;1;1;1;1;2
392;1;2;1;1;2;2;1;1;2;1;1;2
393;1;1;1;3;1;2;2;2;1;1;1;2
394;2;2;2;1;1;1;1;2;1;1;2;2
395;1;2;1;1;1;2;1;1;2;1;1;2
396;1;2;2;1;1;1;2;1;2;1;1;3
399;2;2;2;1;1;2;1;2;1;1;2;2
400;2;2;2;2;1;1;2;2;2;1;1;3
401;2;1;1;1;1;1;2;2;1;1;2;3
402;1;2;2;2;1;1;1;1;1;1;1;2
403;2;2;2;1;2;2;1;1;1;1;1;2
404;2;2;2;1;2;2;1;1;1;1;1;1
405;1;2;1;1;2;2;1;1;1;1;1;2
407;2;1;1;3;1;2;2;2;2;1;1;3
408;1;2;1;2;1;2;1;1;1;1;1;2
409;1;2;1;1;2;2;2;2;1;1;1;2
410;1;2;2;1;1;1;1;1;2;1;1;2
412;2;1;1;1;1;1;2;2;1;1;2;3
413;2;2;2;2;1;1;2;2;2;1;2;2
414;2;1;1;1;1;1;2;2;2;1;1;3
415;2;2;2;1;1;2;1;2;2;1;2;2
416;1;2;2;2;1;1;1;1;2;1;1;1
417;1;2;2;2;1;1;2;2;1;1;2;3
418;2;2;2;1;2;2;2;2;1;1;1;3
419;2;2;1;1;1;1;2;2;1;1;1;3
423;2;2;2;1;1;2;2;2;2;1;1;3
424;1;2;2;1;1;2;1;1;1;1;1;2
425;1;2;2;1;1;1;2;2;2;1;1;3
427;2;2;2;1;1;1;2;2;1;1;1;2
428;1;2;2;1;1;2;1;2;1;1;1;2
430;1;2;1;3;1;1;2;2;1;1;1;2
431;2;1;1;1;1;1;2;2;1;1;2;2
433;1;2;1;1;1;1;2;2;2;1;1;3
435;1;2;1;1;1;2;2;1;2;1;1;2
438;1;2;2;1;1;2;1;1;1;2;1;2
439;2;2;2;1;1;1;1;1;2;1;1;2
440;2;2;1;3;2;1;2;2;1;1;1;3
442;2;2;2;2;1;1;2;2;2;1;1;2
443;1;2;2;1;2;2;1;1;2;2;2;2
444;2;1;1;1;1;1;2;2;1;1;1;3
445;1;2;2;1;1;1;2;2;1;1;1;2
446;2;2;2;2;1;2;2;1;1;1;1;2
447;1;1;1;3;2;2;2;2;2;1;2;3
448;1;2;2;1;2;2;1;1;2;1;1;2
449;1;2;2;2;1;2;1;1;2;1;1;1
450;2;1;1;1;1;2;2;2;1;1;2;2
451;1;2;2;2;1;2;1;1;1;1;1;2
452;2;1;1;3;2;1;2;2;1;2;1;2
453;2;1;1;3;2;1;2;2;1;2;2;3
455;2;2;2;2;1;1;1;2;1;1;1;2
456;2;2;2;1;1;2;2;1;1;1;1;2
457;2;1;1;3;1;2;2;2;2;1;1;3
458;2;2;2;1;1;1;1;2;1;1;2;2
459;1;2;2;1;1;1;2;2;2;1;1;3
460;2;1;1;3;1;1;1;2;2;1;1;2
462;2;2;2;1;1;1;2;2;1;1;1;2
464;1;2;1;2;1;2;1;1;1;1;2;2
465;2;2;2;1;1;1;2;2;1;1;1;3
466;1;2;2;2;1;1;2;2;2;1;1;2
468;1;2;2;1;2;2;1;1;1;1;1;2
469;2;2;1;1;2;2;1;1;1;1;1;2
470;2;2;1;1;2;2;1;1;1;1;1;2
471;1;2;1;1;2;2;2;2;1;1;2;3
472;1;1;1;3;2;2;2;2;2;1;1;3
474;1;2;2;1;1;2;2;2;1;1;2;3
475;2;1;1;3;2;1;2;2;2;1;1;3
476;2;2;2;2;1;1;2;2;2;1;1;2
477;1;2;1;1;2;2;1;1;1;1;1;2
478;2;1;1;1;1;2;2;2;2;1;1;3
479;2;2;2;1;1;1;1;2;1;1;1;2
480;1;2;1;2;2;2;1;2;2;1;1;2
482;2;1;1;3;2;2;2;2;2;1;1;3
483;1;2;2;2;1;2;1;1;2;1;1;1
484;1;2;1;1;1;2;1;1;2;1;1;2
485;2;2;2;1;1;1;2;2;1;1;1;3
486;2;2;2;1;1;1;2;2;1;1;1;2
488;2;2;2;2;1;1;2;2;2;1;1;3
489;2;1;1;1;1;1;2;2;1;1;2;3
490;2;2;2;1;1;1;2;2;1;1;1;2
491;2;2;2;2;1;1;2;2;1;2;1;3
492;2;2;2;1;1;2;1;2;1;1;1;2
493;2;1;1;3;1;2;2;2;1;2;2;3
494;2;2;2;1;1;1;2;2;2;2;2;2
495;2;2;2;2;1;1;2;2;2;2;1;1
496;1;2;1;1;1;1;1;1;1;1;1;2
497;2;1;2;1;1;2;2;2;2;1;1;3
498;1;2;2;1;1;2;1;1;2;1;1;1
499;2;2;2;2;1;1;2;2;2;1;1;3
500;1;2;2;1;1;2;1;2;2;1;1;2
501;2;2;2;3;1;1;1;2;1;1;1;2
502;1;2;2;1;1;2;1;2;2;1;1;2
503;2;2;2;2;1;2;1;2;1;1;2;2
505;2;2;2;1;1;1;2;2;2;1;1;2
507;2;2;2;1;1;1;2;2;1;1;2;2
508;2;2;2;1;1;2;1;2;1;2;1;2
509;2;2;2;1;1;1;2;2;2;2;1;2
510;1;2;1;1;2;2;2;2;2;1;2;3
511;1;2;2;1;1;2;1;1;2;2;1;1
512;2;2;2;1;1;2;2;2;1;2;2;3
514;2;2;2;1;1;1;2;2;2;2;1;2
515;2;2;2;1;1;1;2;2;2;2;1;3
516;2;1;1;1;1;1;2;2;1;2;1;3
518;2;2;2;1;1;1;2;2;2;2;1;2
519;1;2;2;2;1;2;2;2;2;2;1;1
520;2;1;2;1;1;2;2;2;1;2;2;3
521;2;2;2;1;1;1;2;2;2;2;2;2
522;2;1;1;3;1;2;1;1;2;2;2;3
524;2;2;2;1;1;1;2;2;2;2;1;3
525;2;2;2;2;2;2;2;2;1;2;1;2
526;2;2;2;2;1;2;2;2;1;2;1;3
527;2;2;2;1;1;1;2;2;1;2;1;2
528;2;1;2;1;1;1;2;2;2;2;1;3
529;2;2;2;1;1;1;2;2;2;2;1;2
530;2;1;2;2;1;2;2;2;1;2;1;3
531;1;2;2;1;1;2;2;2;1;2;2;2
532;2;2;2;1;1;1;2;2;2;2;1;3
533;2;2;2;1;1;2;2;2;1;2;2;3
534;2;2;1;1;1;1;2;2;2;2;2;2
535;2;2;2;1;1;1;2;2;1;2;1;3
536;2;2;2;1;2;1;2;2;2;2;1;3
537;2;2;2;1;1;2;2;2;2;2;2;1
538;2;2;2;2;1;1;2;2;2;2;1;3
539;2;2;2;1;1;1;2;2;2;2;1;3
540;2;2;1;1;1;1;2;2;2;2;2;3
541;2;2;2;1;1;1;2;2;2;2;1;1
542;2;1;1;1;1;1;2;2;2;2;1;3
543;2;2;2;1;1;1;2;2;1;2;1;3
544;2;2;2;1;1;1;2;2;2;2;1;3
545;2;2;2;1;1;1;2;2;1;2;1;3
546;2;1;2;2;1;1;2;2;2;2;2;2
547;2;2;2;2;1;1;2;2;1;2;1;3
548;2;2;2;2;1;1;1;2;1;2;1;2
549;2;2;2;1;1;1;2;2;2;2;2;1
550;2;2;2;1;1;1;2;2;2;2;1;2
551;2;1;2;1;1;1;1;2;1;2;1;2
552;2;2;2;3;1;1;2;1;2;2;2;3
553;2;2;2;1;2;2;1;1;2;2;1;2
554;2;2;2;1;1;1;2;2;1;2;1;2
555;2;2;2;1;1;1;2;2;1;2;1;3
556;1;1;1;3;1;2;1;2;2;2;2;3
557;2;2;2;1;1;1;2;2;2;2;1;2
558;2;1;1;3;2;2;2;2;1;2;2;3
559;2;1;1;3;1;1;2;2;1;2;1;3
560;2;2;2;1;2;2;2;2;2;2;2;2
561;2;2;2;1;1;1;2;2;2;2;2;3
562;2;2;2;1;1;1;2;2;1;2;1;2
563;2;2;2;1;1;1;2;2;2;2;1;2
564;2;2;2;1;1;1;2;2;1;2;2;3
565;2;2;2;1;1;2;2;2;2;2;1;3
566;2;2;2;2;1;2;2;2;1;2;2;3
567;2;1;2;1;1;1;2;2;1;2;1;3
568;2;2;2;1;1;1;2;2;2;2;1;2
569;2;1;2;2;1;2;2;2;2;2;2;3
570;2;2;2;2;1;1;2;2;1;2;1;3
571;2;2;2;2;1;1;2;2;2;2;2;2
572;1;2;2;1;1;2;2;2;2;2;1;2
573;2;1;2;1;2;2;2;2;1;2;1;3
574;2;2;2;1;1;2;2;2;1;2;2;3
575;2;1;1;3;1;1;2;2;2;2;2;3
576;2;2;2;1;2;2;2;2;1;2;1;2
577;1;2;2;2;1;1;2;2;2;2;1;1
578;2;1;1;3;1;2;2;2;2;2;2;3
579;2;2;2;2;1;1;2;2;2;2;1;2
580;2;2;2;1;2;2;2;2;1;2;2;2
581;2;2;2;2;1;1;2;2;2;2;2;2
585;2;2;2;1;1;1;2;2;1;2;1;2
586;2;1;2;2;2;2;2;2;2;2;1;2
587;1;2;2;1;2;2;2;2;2;2;1;2
588;2;1;1;1;1;2;2;2;2;2;1;3
589;2;2;2;2;1;1;2;2;2;2;1;1
590;2;2;2;1;2;2;2;2;2;2;1;2
591;2;2;2;1;1;1;2;2;2;2;1;1
592;1;2;2;1;1;1;1;1;1;2;1;1
593;2;2;2;1;1;1;2;2;1;2;1;2
594;2;2;2;1;1;1;1;1;1;2;2;1
595;1;2;2;2;1;1;2;2;1;2;1;1
596;2;2;2;2;1;1;2;2;1;2;1;1
597;2;2;2;1;1;1;2;2;1;2;1;1
598;1;2;2;2;1;1;2;2;1;2;2;1
599;2;2;2;1;1;1;2;2;2;2;1;1
600;2;2;2;2;1;1;2;2;1;2;1;1
601;2;1;2;2;2;2;2;2;2;2;1;1
602;2;1;2;2;2;2;2;2;2;2;1;1
603;1;2;2;1;1;2;1;1;2;2;1;1
605;1;2;1;1;1;1;1;1;2;1;1;1
609;1;2;1;1;1;2;1;1;2;1;1;2
610;1;2;1;1;1;2;2;1;1;1;1;2
611;1;2;1;1;1;2;1;1;1;1;1;2
612;1;2;1;2;1;1;1;1;2;1;1;1
613;2;2;2;1;1;2;2;2;1;1;2;2
614;2;2;2;2;1;1;2;2;2;1;1;3
616;1;2;1;2;1;2;1;1;2;1;1;2
617;1;2;1;1;2;2;1;1;2;1;1;1
618;1;2;1;1;1;2;1;1;1;1;1;2
619;2;1;2;1;1;2;1;2;2;1;1;3
621;1;2;1;1;1;2;1;1;1;1;1;2
622;1;2;1;1;1;2;1;1;2;1;1;3
623;1;2;1;1;2;1;1;1;1;1;1;2
624;1;2;1;1;2;2;1;1;2;1;1;2
625;2;1;1;3;1;1;2;2;2;1;1;3
626;2;2;2;1;1;1;1;2;2;1;2;3
627;1;2;1;1;2;2;1;1;1;1;1;2
629;1;2;1;1;1;2;1;1;1;1;1;2
631;1;2;1;1;2;1;1;1;1;1;1;2
632;1;2;1;1;1;2;1;1;2;1;1;2
635;2;2;2;1;1;2;1;1;1;1;1;2
636;1;2;1;1;1;2;1;1;2;1;1;2
637;1;2;2;1;1;1;1;1;1;1;1;2
639;1;2;1;2;1;1;1;1;2;1;1;1
640;1;2;1;1;1;2;1;1;2;1;1;2
642;1;2;1;2;1;2;1;1;2;1;1;1
644;1;2;1;1;1;2;1;1;1;1;1;2
645;1;1;1;1;2;1;1;1;2;1;1;2
646;1;2;1;2;2;2;1;1;1;1;1;2
649;2;2;1;2;1;2;1;1;2;1;1;1
651;2;2;1;1;1;1;1;1;1;1;1;2
654;1;2;1;1;2;2;1;1;2;1;1;2
656;2;2;1;2;1;1;2;2;1;1;1;3
657;1;2;1;1;1;2;1;1;1;1;1;2
658;1;2;1;1;2;2;1;1;2;1;1;2
659;1;2;2;1;1;2;1;1;2;1;1;2
661;2;1;1;3;1;1;2;2;1;1;1;3
662;1;2;1;2;1;2;1;1;1;1;1;2
663;1;2;1;1;2;2;1;1;2;1;1;2
664;1;2;1;1;1;1;1;2;1;1;1;2
665;2;2;2;1;1;1;2;2;2;1;2;3
667;1;2;1;2;1;2;1;1;2;1;1;1
668;2;2;2;1;1;1;2;2;2;1;2;3
669;2;2;2;2;1;2;2;1;2;1;1;2
671;1;2;2;2;1;2;2;1;1;1;2;1
672;1;2;1;2;1;2;1;1;1;1;1;2
673;1;2;1;1;1;1;1;1;1;1;1;2
674;1;2;1;2;1;2;1;1;1;1;1;2
678;2;2;1;1;1;2;1;1;2;1;1;2
679;1;2;2;1;1;2;1;1;2;1;1;1
680;1;2;1;1;1;2;1;1;1;1;1;2
681;1;2;1;1;1;2;1;1;1;1;1;2
682;1;2;1;1;1;2;1;1;2;1;1;2
684;1;2;1;1;1;2;1;1;2;1;1;2
685;1;2;1;1;1;2;1;1;2;1;1;2
687;2;1;2;1;2;2;2;2;2;1;2;2
688;1;2;1;1;1;2;1;2;1;1;1;2
689;1;2;1;1;1;2;1;1;2;1;1;2
691;1;2;1;1;1;2;1;1;1;1;1;2
692;1;2;1;1;2;2;1;1;1;1;1;2
694;1;2;1;1;2;2;1;1;2;1;1;2
695;2;2;1;1;2;1;2;2;2;1;1;3
696;1;1;1;1;2;1;1;1;2;1;1;1
698;1;2;1;1;1;1;1;1;1;1;1;2
699;1;1;1;1;2;2;1;1;1;1;2;2
700;1;2;1;1;1;2;1;1;1;1;2;2
702;1;2;1;1;1;1;1;1;2;1;1;2
703;2;2;1;2;1;1;2;2;1;1;1;3
704;1;2;1;1;2;2;1;1;1;1;1;2
707;1;2;2;1;2;2;1;1;2;1;1;2
708;1;2;1;1;1;2;1;1;1;1;1;2
710;1;2;1;1;1;2;1;1;1;1;1;2
711;1;2;1;1;1;2;1;1;1;1;1;2
713;1;2;1;1;1;2;1;1;2;1;1;2
714;2;1;1;1;1;1;2;2;2;1;2;3
715;1;2;1;1;1;2;1;1;2;1;1;1
717;1;2;1;1;2;2;1;1;1;1;1;2
718;1;2;1;1;2;1;1;1;2;1;1;1
719;1;2;2;1;1;2;1;2;2;1;1;1
720;2;2;1;1;1;1;2;2;1;1;1;3
724;2;1;1;1;1;2;2;2;2;1;1;3
725;1;2;1;1;2;2;1;1;1;1;1;2
726;1;2;2;2;1;1;1;2;1;1;2;2
727;1;1;1;1;2;2;1;1;2;1;1;2
728;1;2;1;1;1;2;1;1;1;1;1;2
729;1;2;2;1;1;2;1;1;2;1;1;2
730;1;2;1;1;2;2;1;1;2;1;1;2
732;2;2;1;2;1;1;2;2;2;1;2;2
733;2;2;2;1;1;2;1;1;1;1;2;2
735;1;2;1;1;2;2;1;1;1;1;1;2
736;1;2;1;1;1;2;1;1;1;1;1;2
739;1;2;1;1;2;2;1;1;1;1;1;2
740;1;2;1;1;2;2;1;1;1;1;1;2
741;1;2;2;2;1;2;2;2;2;1;2;3
742;1;2;1;1;1;2;1;1;2;1;1;2
743;2;1;2;1;1;1;2;2;2;1;1;3
744;1;2;1;1;2;2;1;1;1;1;1;2
747;1;2;1;1;1;2;1;1;2;1;1;2
748;1;2;1;1;1;2;1;1;2;1;1;2
749;1;1;2;1;1;2;1;1;1;1;1;2
750;1;2;1;1;1;2;1;1;2;1;1;2
751;1;2;1;1;1;2;1;1;1;1;1;2
752;2;2;2;1;1;1;1;1;1;1;1;2
753;2;2;1;2;1;2;1;1;1;1;2;2
754;2;2;1;2;1;1;2;2;1;1;1;3
757;1;2;1;1;1;1;1;1;2;1;1;1
759;1;1;1;1;2;2;1;1;1;1;1;2
760;1;2;2;2;1;2;1;1;2;1;1;1
761;1;2;2;1;1;2;1;1;1;1;1;2
762;1;2;2;1;1;2;1;1;1;1;1;2
764;1;2;2;1;1;2;2;1;1;1;1;2
766;1;2;1;1;1;2;2;1;2;1;1;2
769;1;2;1;1;1;2;1;1;1;1;1;2
770;1;1;1;1;1;2;1;1;2;1;1;1
771;1;2;1;1;1;1;1;1;2;1;1;1
772;1;2;1;1;2;2;1;1;1;1;1;2
773;1;2;1;1;1;2;1;1;2;1;1;2
775;1;2;1;1;2;2;1;1;1;1;1;2
778;1;2;1;1;1;1;1;1;1;1;1;2
779;1;1;2;1;1;2;2;2;1;1;1;3
780;1;2;1;1;1;2;2;1;2;1;1;2
782;2;2;1;1;1;2;1;1;2;1;2;2
785;1;2;2;1;1;2;1;1;2;1;1;2
786;1;2;1;1;2;2;2;1;2;1;1;2
788;1;2;2;1;1;2;1;1;2;1;1;2
789;1;2;1;1;1;2;2;1;1;1;1;2
790;1;2;1;1;2;2;1;1;1;1;1;2
793;1;2;1;2;2;2;1;1;1;1;1;2
794;1;2;1;1;2;2;2;1;2;1;1;3
797;1;2;1;1;1;1;1;1;2;1;1;2
799;1;2;1;2;1;2;1;1;2;1;1;1
801;2;1;1;3;1;1;2;2;1;1;2;3
802;1;2;1;1;2;2;1;1;1;1;1;2
804;2;1;2;1;1;2;1;2;1;1;1;2
805;2;2;2;1;1;2;2;2;1;2;1;3
806;2;2;2;1;1;2;2;2;1;2;2;3
807;1;1;1;3;1;2;2;2;2;2;1;2
808;1;1;2;2;1;2;1;2;1;2;1;2
809;2;2;2;1;1;2;2;2;1;2;1;2
810;2;2;2;1;1;2;2;2;2;2;2;1
811;2;2;2;1;1;2;1;1;1;2;2;2
812;2;2;2;2;1;2;2;2;1;2;1;3
813;2;2;2;2;1;2;2;2;1;2;2;2
815;2;2;2;1;1;1;2;2;2;2;1;2
816;2;2;2;2;1;2;2;2;2;2;1;2
817;2;2;2;2;1;2;2;2;1;2;1;3
818;2;2;2;1;1;2;2;2;1;2;2;3
819;2;2;2;1;1;2;2;2;2;2;1;3
820;1;2;1;1;1;2;2;2;2;2;2;3
821;2;2;2;1;1;2;2;2;1;2;2;3
822;2;2;2;2;1;2;2;2;2;2;2;2
823;2;2;2;2;1;2;2;2;2;2;1;2
824;2;2;2;1;1;2;2;2;2;2;1;2
826;2;2;2;1;1;2;2;2;1;2;1;2
828;1;2;1;2;2;2;1;2;2;1;1;1
830;2;2;2;2;2;2;2;2;1;2;1;3
832;2;2;2;1;2;2;2;2;1;2;1;2
833;2;1;1;3;2;2;2;2;2;2;1;3
834;2;2;2;1;2;2;2;2;1;2;1;3
835;2;2;2;1;2;2;2;2;1;2;1;3
836;2;1;1;3;2;2;2;2;1;2;2;3
837;2;1;1;1;2;2;2;2;2;2;2;2
838;2;2;2;1;2;2;2;2;2;2;2;2
839;2;2;2;1;2;2;2;2;1;2;1;3
841;2;1;1;3;2;2;2;2;1;2;1;3
842;1;2;2;1;1;2;2;2;2;2;2;2
843;2;2;2;1;2;2;2;2;2;2;1;2
844;2;2;2;1;1;2;2;2;2;2;1;1
845;2;2;2;1;1;2;2;2;1;2;2;3
846;2;2;2;1;1;2;2;2;2;2;1;3
847;1;1;2;2;1;2;2;2;2;2;1;3
848;2;2;2;1;1;2;2;2;1;2;1;2
849;1;2;2;1;1;2;1;2;1;2;2;2
850;2;2;2;2;1;2;2;2;1;2;2;2
852;2;2;2;1;1;1;2;2;2;2;2;3
853;2;2;2;2;1;2;2;2;2;2;2;2
854;2;2;2;1;1;2;2;2;1;2;1;2
855;2;2;2;1;1;2;2;2;1;2;1;2
856;2;2;2;1;1;2;2;2;1;2;1;2
857;2;2;2;2;1;2;2;2;2;2;2;2
858;2;2;2;1;1;2;2;2;1;2;2;3
859;1;2;2;2;1;2;1;1;2;2;1;1
860;2;2;2;1;1;2;2;2;1;2;1;3
861;1;2;2;1;1;2;2;2;2;2;1;2
862;1;1;1;1;1;2;1;1;1;2;2;1
863;1;2;1;1;2;2;1;1;1;2;1;2
865;2;2;2;1;2;2;2;2;1;2;1;3
866;2;2;2;2;2;2;2;2;1;2;2;3
867;1;2;1;1;2;2;2;2;2;2;1;2
868;2;2;2;1;2;2;2;2;1;2;2;3
869;2;2;2;1;2;2;2;2;1;2;1;2
870;2;2;2;1;2;2;2;1;2;2;1;2
873;2;2;2;2;1;2;2;2;2;2;1;3
874;2;1;1;3;2;1;2;2;1;2;2;3
875;1;2;2;1;2;2;2;2;2;2;1;3
876;2;2;2;1;2;2;2;2;2;2;2;2
877;2;1;1;1;1;2;2;2;2;2;2;3
878;2;1;2;1;2;2;2;2;1;2;1;3
879;1;2;2;1;2;2;1;1;2;2;1;1
880;2;2;2;1;2;2;2;2;2;2;1;3
881;1;1;1;1;1;2;1;1;1;2;1;2
882;1;2;2;1;1;2;2;2;1;2;1;3
883;2;2;2;1;1;2;2;2;2;2;1;2
884;2;2;2;1;1;2;2;2;2;2;2;3
885;2;2;2;1;1;2;2;2;1;2;1;2
886;2;2;2;1;1;2;2;2;1;2;1;2
887;2;2;2;1;1;2;2;2;1;2;1;2
888;2;2;2;1;1;2;2;2;1;2;1;2
889;1;2;2;1;1;2;1;1;2;2;2;2
890;2;2;2;2;1;2;2;2;2;2;1;1
891;2;2;2;1;1;2;2;2;1;2;2;2
892;2;2;2;2;1;2;2;2;2;2;1;2
893;2;2;2;1;1;2;2;2;1;2;1;1
894;2;2;2;1;1;1;2;2;1;2;2;3
895;2;2;2;1;1;1;2;2;1;2;1;3
896;2;2;2;2;1;1;1;2;1;2;2;2
897;2;2;2;1;1;1;2;2;1;2;1;2
898;1;2;1;1;1;2;2;2;1;2;1;3
899;1;2;2;1;1;2;2;2;1;2;2;2
900;2;2;2;2;1;2;2;2;2;2;1;2
901;2;1;1;1;1;1;2;2;1;2;1;3
902;2;2;2;1;1;1;2;2;1;2;1;2
903;2;2;2;1;1;1;2;2;2;2;1;2
904;2;1;2;3;1;2;2;2;2;2;1;3
905;2;2;2;1;1;1;2;2;1;2;2;1
906;1;2;2;1;1;1;1;1;1;2;1;2
907;1;2;2;1;2;2;2;2;2;2;2;3
908;1;2;2;1;1;1;2;2;2;2;1;3
909;1;2;2;1;1;1;2;2;1;2;1;2
910;2;2;1;1;2;2;2;1;1;2;1;2
911;2;2;1;1;1;1;2;2;2;2;1;3
912;2;2;2;2;1;1;2;2;1;2;1;2
913;2;2;2;1;1;1;2;2;1;2;1;3
914;2;2;2;1;1;1;2;2;1;2;2;3
915;2;2;2;1;1;1;2;2;1;2;1;2
917;2;2;2;1;1;1;2;2;1;2;2;3
918;2;1;1;3;2;1;2;2;1;2;1;3
919;2;2;2;1;1;1;2;2;1;2;1;3
920;2;2;1;1;1;1;2;2;2;2;1;3
921;2;2;2;2;1;1;2;2;2;2;2;2
922;2;2;2;1;2;2;2;2;1;2;1;3
923;2;2;2;2;1;1;2;2;1;2;1;3
924;2;1;1;3;1;1;1;2;2;2;2;3
925;2;1;1;3;1;1;1;2;1;2;1;2
926;2;2;2;2;1;1;2;2;2;2;1;3
927;2;2;2;1;1;1;2;2;1;2;2;3
928;2;2;2;2;1;2;2;2;2;2;1;2
929;2;1;2;1;1;1;2;2;1;2;1;3
930;1;2;2;1;2;2;1;1;2;2;1;2
931;2;2;2;1;1;1;2;2;2;2;1;3
932;2;2;2;1;1;2;2;2;1;2;1;2
933;2;2;2;1;1;1;2;2;2;2;1;2
934;2;2;1;2;1;1;2;2;1;2;1;3
935;1;2;2;1;1;1;1;2;1;2;2;2
936;2;1;1;3;1;1;2;2;1;2;1;3
937;2;2;2;2;1;1;2;2;2;2;1;2
938;2;2;2;2;1;1;2;2;2;2;2;2
939;2;1;1;3;1;2;2;2;2;2;2;3
940;2;2;2;1;1;2;2;2;1;2;1;3
941;1;2;2;2;1;1;2;2;2;2;1;3
942;2;2;2;1;1;1;2;2;1;2;1;3
943;2;2;2;1;1;1;2;2;1;2;1;3
945;2;2;2;1;1;1;2;2;2;2;1;3
946;1;2;2;2;1;2;2;2;1;2;1;1
947;2;2;2;1;1;1;2;2;2;2;2;2
948;2;2;2;2;1;1;2;2;1;2;1;2
949;2;2;2;1;1;1;2;2;1;2;1;2
950;2;2;2;1;1;1;2;2;1;2;1;1
951;1;2;2;2;1;2;2;2;1;2;1;1
953;1;2;1;1;1;2;1;1;2;1;1;1
954;1;2;1;1;1;2;1;1;1;1;1;2
959;1;2;1;1;1;1;1;1;2;1;1;2
961;1;2;1;1;1;1;1;1;2;1;1;2
962;1;2;2;2;2;2;1;1;1;1;1;2
963;2;2;2;2;2;2;2;2;1;1;2;2
964;1;2;2;1;2;2;1;1;1;1;1;2
967;1;2;1;1;2;2;1;1;2;1;1;2
968;1;2;1;1;2;2;1;1;1;1;1;2
970;1;2;2;2;1;2;1;1;1;1;1;2
971;1;2;1;1;2;2;1;1;1;1;1;2
972;1;2;1;1;1;2;1;2;2;1;1;1
975;2;1;2;1;2;2;2;2;2;1;2;3
981;2;2;1;1;1;2;2;2;1;1;2;3
984;1;2;1;1;1;2;1;1;1;1;1;2
986;1;2;1;1;1;2;1;1;2;1;1;3
988;1;2;1;1;2;2;1;1;1;1;1;2
989;1;2;1;1;1;1;1;1;1;1;1;2
991;1;2;1;1;2;2;1;1;2;1;1;2
992;1;2;1;1;1;2;1;1;2;1;1;1
993;2;2;1;1;1;1;2;2;2;1;2;3
995;1;2;1;1;2;2;1;1;1;1;1;2
996;1;2;1;1;2;2;1;1;1;1;1;2
997;1;2;1;1;2;2;1;1;1;1;1;2
998;2;2;2;1;2;2;1;2;1;1;1;2
999;1;2;1;1;2;2;1;1;1;1;1;2
1001;2;2;1;1;2;2;1;1;1;1;2;2
1002;1;2;1;1;2;2;1;1;2;1;1;2
1004;1;2;1;1;1;2;1;1;1;1;1;2
1005;1;2;1;1;1;2;1;1;2;1;1;1
1006;2;2;1;1;1;2;1;1;1;1;1;2
1008;1;2;1;1;2;2;1;1;2;1;1;2
1009;1;2;1;2;1;2;2;1;2;1;2;2
1010;1;2;1;1;2;2;1;1;2;1;1;1
1013;2;2;2;1;1;2;1;1;2;1;1;2
1015;1;2;1;1;1;2;1;1;2;1;1;2
1019;2;1;1;3;2;1;2;2;1;1;2;2
1021;2;1;2;1;1;1;2;2;2;1;1;3
1022;1;2;1;2;2;2;2;1;1;1;1;2
1023;1;2;2;3;1;2;1;1;2;1;1;2
1025;1;2;1;1;2;2;1;1;2;1;1;2
1026;2;1;1;1;1;1;2;2;1;1;1;3
1028;1;2;1;2;1;2;1;1;2;1;1;1
1030;2;2;2;1;1;1;2;2;1;1;1;3
1032;1;2;1;1;2;2;1;1;1;1;1;2
1035;1;2;1;1;1;2;1;1;1;1;1;2
1036;1;2;1;1;1;2;1;1;2;1;1;2
1037;2;2;1;1;1;1;1;1;2;1;2;2
1038;2;1;2;1;1;2;2;2;1;1;1;2
1039;2;1;1;1;2;2;2;2;1;1;2;3
1040;1;2;1;1;2;2;1;1;2;1;1;1
1041;2;2;2;1;2;2;1;1;1;1;1;2
1042;1;2;2;2;2;2;2;1;1;1;1;2
1043;1;2;1;1;1;1;1;1;1;1;1;2
1044;2;2;2;1;2;2;2;1;2;1;2;3
1045;1;2;1;1;2;2;1;1;2;1;1;2
1046;2;2;2;1;2;1;2;2;1;1;2;3
1048;1;2;1;1;2;2;1;1;1;1;1;2
1049;1;2;1;1;1;1;1;1;1;1;1;2
1050;1;2;1;1;1;1;1;1;2;1;1;2
1053;1;2;1;1;1;2;2;2;2;1;1;2
1054;1;2;1;1;2;2;1;1;1;1;1;2
1055;1;1;1;1;2;2;1;1;1;1;1;2
1056;1;2;2;1;2;2;1;1;2;1;1;2
1058;1;2;1;1;1;1;1;1;1;1;1;2
1059;1;2;1;2;1;1;1;1;1;1;1;2
1060;1;2;1;1;1;1;1;1;1;1;2;2
1062;1;2;1;1;2;2;1;1;1;1;1;2
1063;1;2;1;2;1;1;1;1;2;1;1;1
1064;1;2;2;2;1;1;1;1;2;1;1;1
1065;1;2;1;2;2;1;1;1;2;1;1;1
1066;2;2;2;1;2;2;1;2;1;1;1;2
1068;2;2;2;1;1;2;2;2;2;1;1;3
1069;2;2;1;1;1;2;1;1;2;1;1;2
1070;1;2;2;1;1;2;1;1;1;1;2;2
1071;2;2;2;1;1;2;2;2;1;1;1;3
1072;2;2;2;1;1;1;2;2;1;1;1;2
1073;1;2;2;1;1;1;1;1;1;1;1;2
1075;1;2;1;1;1;2;1;1;2;1;1;1
1076;2;2;1;1;1;2;1;1;1;1;2;2
1077;2;2;2;1;1;1;2;2;1;1;1;2
1078;1;2;2;1;1;2;1;1;2;1;1;1
1079;2;1;2;1;1;1;2;2;2;1;1;3
1080;1;2;1;1;1;2;1;1;2;1;1;1
1081;1;1;2;1;1;2;2;2;2;2;1;2
1082;1;1;2;1;1;2;1;1;2;2;2;2
1083;2;2;1;2;1;1;1;1;2;2;2;1
1084;1;2;2;1;1;2;1;1;2;2;1;1
1085;1;2;2;1;2;2;1;1;2;2;1;2
1086;2;1;1;1;1;1;2;2;1;2;2;2
1087;2;2;2;2;1;1;2;2;2;2;1;3
1088;2;2;2;2;1;2;1;1;1;2;2;3
1090;2;2;2;2;1;1;2;2;2;2;2;1
1093;1;2;2;1;1;2;1;1;2;2;1;2
1095;1;2;2;1;1;1;1;1;2;2;1;2
1096;2;2;2;1;1;2;2;2;1;2;1;3
1098;2;2;2;2;1;2;2;2;1;2;2;3
1099;2;2;2;1;1;1;1;1;2;2;1;2
1100;2;1;2;2;1;1;2;2;2;2;2;3
1101;2;2;2;2;1;1;2;2;2;2;1;2
1103;1;2;2;1;1;1;1;2;1;2;1;2
1105;2;2;2;1;1;1;2;2;1;2;2;2
1106;2;1;1;2;1;1;2;2;2;2;1;3
1107;2;2;2;2;1;1;1;2;1;2;1;2
1108;1;2;2;1;1;2;1;1;2;2;1;1
1109;1;2;2;1;1;2;1;1;1;2;1;2
1110;1;2;1;1;2;2;1;1;2;2;1;1
1111;1;2;2;1;1;2;1;2;1;2;1;2
1113;1;2;1;1;1;1;1;2;1;2;1;2
1115;1;2;2;2;2;2;1;1;2;2;1;1
1116;1;2;2;1;1;2;1;1;2;2;1;1
1117;2;2;2;1;1;2;2;2;1;2;1;3
1118;1;2;2;1;1;1;1;1;2;2;1;2
1119;2;2;2;2;1;1;2;2;1;2;1;2
1120;2;2;2;1;1;1;2;2;1;2;1;3
1121;2;1;2;1;1;2;2;2;1;2;2;2
1122;1;2;2;1;1;1;1;1;1;2;1;2
1123;1;2;2;1;2;2;2;2;1;2;1;2
1124;1;2;2;1;2;2;1;1;1;2;1;2
1126;2;2;2;2;1;1;1;1;2;2;1;2
1127;1;2;2;1;2;2;1;1;2;2;1;2
1128;1;2;2;1;2;2;1;1;1;2;1;2
1131;2;2;2;2;1;1;2;2;2;2;1;2
1133;1;2;2;1;1;2;1;1;2;2;1;2
1134;2;1;2;1;1;1;1;1;1;2;2;2
1135;2;2;2;1;2;1;2;2;2;2;2;3
1136;2;2;2;1;2;2;2;2;2;2;2;3
1137;2;1;1;3;1;2;2;2;1;2;1;3
1138;2;2;2;1;2;2;1;1;1;2;2;2
1140;2;2;2;1;1;1;2;2;2;2;1;3
1141;1;2;2;1;2;2;1;1;2;2;1;1
1142;2;2;2;1;2;2;1;2;1;2;1;2
1143;2;2;2;2;1;1;2;2;2;2;1;2
1144;2;2;2;2;1;1;2;1;1;2;1;2
1145;2;1;1;3;2;2;2;2;1;2;1;3
1147;2;2;2;2;1;2;2;2;2;2;2;3
1150;1;2;2;1;1;2;1;1;1;2;1;2
1151;1;2;2;2;2;2;1;1;2;2;2;1
1152;1;2;2;2;2;2;1;1;2;2;2;3
1153;2;1;2;1;2;2;2;2;1;2;2;3
1155;1;2;2;1;2;2;1;1;1;2;1;2
1156;2;1;1;3;1;1;2;2;2;2;2;2
1157;1;2;2;1;2;2;2;1;2;2;1;1
1158;2;2;2;1;1;2;2;2;1;2;1;3
1160;2;1;2;1;2;2;2;2;1;2;2;2
1161;2;2;2;2;1;2;1;2;2;2;1;3
1162;2;2;2;2;1;2;1;2;2;2;1;3
1163;1;2;2;2;1;2;1;1;1;2;2;2
1164;2;1;2;1;1;1;2;2;1;2;2;2
1166;2;2;2;1;1;1;2;2;2;2;1;2
1167;2;2;2;1;1;1;2;2;1;2;2;2
1169;2;1;1;3;1;1;2;2;2;2;2;3
1170;1;2;1;2;1;2;2;2;1;2;1;2
1171;2;2;2;2;2;2;1;1;1;2;2;2
1172;2;1;2;1;1;1;2;2;1;2;1;3
1173;2;2;2;1;1;2;1;1;2;2;1;2
1174;2;2;2;1;2;2;2;2;1;2;1;2
1176;2;2;2;1;1;2;1;2;1;2;2;2
1177;2;1;2;2;1;1;2;2;2;2;1;2
1178;2;1;2;2;1;1;2;1;2;2;2;3
1179;1;2;2;1;2;2;1;1;1;2;1;2
1180;1;2;2;1;1;1;1;1;1;2;1;2
1182;1;1;2;1;1;1;2;2;1;2;2;3
1183;2;2;2;1;2;2;2;2;2;2;2;2
1184;2;2;2;1;1;2;2;1;1;2;2;2
1186;2;1;2;2;1;2;2;2;1;2;2;3
1187;2;2;2;1;1;2;2;2;2;2;1;3
1188;1;2;2;1;1;2;1;1;2;2;1;2
1190;2;2;2;2;1;1;2;2;1;2;1;3
1192;2;2;2;1;1;2;1;1;1;2;2;2
1193;2;2;2;1;1;2;1;1;1;2;2;2
1194;1;2;2;1;1;2;1;1;1;2;1;2
1195;2;2;1;2;1;1;2;2;1;2;1;3
1196;2;2;2;2;1;2;1;1;1;2;2;2
1197;2;1;2;1;2;2;1;2;1;2;2;2
1198;2;2;2;2;1;1;1;1;2;2;2;1
1199;2;2;2;2;1;1;1;1;2;2;2;1
1200;2;1;2;2;1;2;2;2;2;2;1;2
1202;2;2;2;2;1;1;2;2;2;2;1;1
1204;2;2;2;2;1;1;2;2;1;2;1;2
1205;2;2;2;1;2;2;1;2;1;2;1;2
1206;2;2;2;1;1;1;1;2;1;2;1;2
1207;2;2;2;1;1;1;1;2;1;2;1;2
1208;2;2;2;2;1;1;2;2;1;2;2;3
1209;2;2;2;1;1;2;2;2;1;2;1;2
1210;2;2;2;1;1;2;2;2;1;2;1;2
1211;2;2;2;1;1;1;2;2;2;2;2;3
1212;2;2;2;1;1;2;2;2;1;2;2;2
1213;2;2;2;1;2;2;2;2;1;2;2;2
1214;2;2;2;1;1;1;2;2;2;2;1;3
1215;2;1;2;2;1;2;2;2;2;2;1;2
1216;2;1;2;1;1;2;2;2;2;1;1;2
1218;2;1;2;1;2;2;2;2;1;2;2;2
1219;1;2;2;1;1;2;1;1;1;2;1;2
1220;2;1;2;1;1;1;2;2;1;2;1;3
1221;2;1;1;1;2;2;2;2;2;2;1;3
1222;2;2;2;1;1;2;1;2;2;2;2;3
1223;1;2;1;1;1;2;2;2;1;2;1;3
1224;1;2;2;1;1;2;1;1;2;2;2;2
1225;1;2;2;1;1;2;1;1;2;2;2;2
1226;1;2;2;1;2;2;1;1;2;2;1;2
1227;2;2;2;1;1;2;2;2;2;2;1;3
1228;2;1;1;1;1;1;2;2;2;2;1;3
1230;1;2;2;1;2;2;1;1;2;2;1;1
1231;1;2;2;1;1;1;1;1;1;2;1;2
1233;2;2;2;1;1;2;1;2;1;2;2;2
1234;2;2;2;1;2;2;2;2;1;2;1;3
1235;1;2;2;1;2;2;1;1;1;2;1;2
1236;1;2;2;1;1;2;1;2;2;2;1;2
1237;2;2;2;2;1;1;1;1;2;2;2;2
1238;2;2;1;1;2;2;2;2;1;2;2;3
1239;1;2;2;1;1;2;1;1;2;2;1;1
1241;1;2;2;1;1;2;1;1;2;2;2;2
1243;1;1;1;2;1;2;1;1;1;2;1;2
1244;1;2;2;2;2;2;1;1;2;2;1;1
1245;1;1;2;1;1;2;2;2;2;2;1;3
1246;2;1;2;1;1;2;2;2;2;2;2;3
1247;2;2;2;1;1;2;2;2;2;2;2;2
1248;2;2;2;2;1;1;2;2;2;2;2;3
1249;2;2;2;1;1;1;1;1;1;2;2;2
1250;2;2;2;1;1;2;2;2;2;2;1;3
1251;2;2;1;2;1;2;2;2;2;2;2;3
1252;2;2;2;2;1;2;2;2;2;2;1;3
1253;2;2;2;1;1;1;1;2;1;2;1;2
1254;2;2;2;1;1;2;2;2;1;2;1;2
1255;2;1;1;1;2;2;2;2;2;2;2;3
1256;2;2;2;1;1;2;2;2;1;2;2;2
1257;2;2;2;1;1;2;2;2;1;2;2;1
1258;1;1;1;1;1;2;1;1;2;2;2;3
1259;2;2;2;2;1;2;2;2;2;2;1;2
1260;2;2;2;2;1;2;2;2;2;2;1;3
1261;1;2;2;1;2;2;1;1;2;2;1;1
1262;2;1;1;3;1;2;2;2;2;2;1;3
1264;2;2;2;1;1;1;2;2;1;2;1;3
1265;2;2;2;2;1;2;2;2;1;2;2;2
1266;2;1;2;2;1;2;2;2;1;2;2;3
1267;1;2;1;1;1;1;1;1;2;2;1;2
1268;1;2;1;2;1;2;1;1;1;2;2;2
1269;2;2;2;1;1;1;2;2;1;2;2;3
1270;1;2;2;1;1;1;1;1;1;2;1;2
1271;2;2;2;1;1;1;2;2;2;2;2;3
1272;1;1;2;1;1;2;2;2;1;2;1;3
1273;1;2;2;2;1;2;1;1;2;2;1;2
1274;1;2;2;1;1;2;1;1;1;2;2;2
1275;2;1;2;1;2;2;2;2;2;2;1;3
1277;1;2;2;2;1;2;1;1;2;2;1;2
1279;2;2;2;2;1;2;2;2;1;2;1;2
1280;1;2;2;2;1;2;2;2;1;2;2;3
1281;2;2;2;1;2;2;2;2;2;2;1;3
1282;2;2;2;1;1;2;1;1;2;2;2;2
1283;2;2;1;1;1;2;2;2;2;2;2;3
1285;1;2;2;1;1;2;1;1;1;2;1;2
1286;1;2;2;1;1;1;1;1;2;2;1;2
1287;1;1;1;1;2;2;1;1;2;2;1;1
1288;1;2;2;1;1;2;1;1;2;2;1;2
1289;2;2;2;1;1;2;2;2;1;2;2;2
1290;1;2;2;1;1;2;1;1;2;2;1;1
1292;1;1;2;1;1;1;1;1;1;2;1;2
1293;1;2;1;2;1;1;1;1;2;2;1;2
1294;1;1;1;1;1;2;1;1;1;2;1;2
1295;1;2;2;1;2;2;1;1;1;2;1;2
1296;2;1;1;1;1;1;2;2;1;2;2;3
1297;1;2;2;1;1;1;1;1;1;2;2;2
1298;2;2;2;1;1;2;1;2;1;2;2;2
1299;1;2;2;1;1;2;1;1;2;2;2;2
1300;2;2;1;2;1;2;2;2;2;2;1;3
1301;1;2;2;2;1;2;1;1;1;2;2;2
1302;2;2;2;1;1;2;1;1;2;2;2;2
1303;2;2;2;1;1;2;1;1;2;2;2;2
1304;1;1;2;1;1;1;1;1;2;2;1;2
1305;1;2;2;1;1;2;1;1;2;2;2;2
1306;1;2;1;1;1;2;1;1;1;2;2;2
1307;2;2;2;1;1;2;1;1;1;2;1;2
1308;2;1;1;3;1;2;1;1;1;2;2;2
1309;1;1;1;3;2;2;1;2;2;2;1;2
1310;2;2;2;1;1;2;2;2;2;2;1;3
1312;1;2;2;1;1;1;2;2;2;2;1;3
1313;2;2;2;1;1;2;2;2;1;2;1;3
1314;2;2;2;1;1;2;1;1;1;2;2;2
1315;1;2;1;1;1;2;2;2;1;2;2;3
1316;2;2;2;1;1;2;2;2;1;2;1;3
1317;2;1;1;3;1;1;2;2;2;2;2;3
1318;2;1;1;3;1;1;2;2;2;2;2;3
1319;2;2;2;1;1;2;2;2;1;2;1;3
1320;2;2;2;1;1;2;2;2;2;2;1;3
1321;2;1;1;1;1;2;2;2;1;2;1;3
1322;2;1;1;2;1;2;2;2;1;2;1;3
1323;2;1;2;1;1;2;2;2;1;2;1;3
1324;2;2;2;1;1;2;2;2;1;2;1;2
1325;2;2;2;1;1;1;2;2;2;2;2;3
1326;2;2;2;2;1;2;2;2;2;2;1;2
1327;2;2;2;1;1;2;2;2;2;2;1;3
1328;2;2;2;1;1;2;2;2;1;2;1;3
1329;1;2;2;1;1;2;1;1;2;1;1;1
1330;2;2;2;1;2;2;2;2;1;2;1;3
1331;1;2;2;2;2;2;2;2;2;2;1;3
1333;2;2;2;1;1;1;2;2;1;2;1;2
1334;2;1;1;3;2;2;2;2;1;2;1;3
1335;2;1;2;1;2;2;2;2;1;2;2;3
1336;2;2;2;1;1;2;2;2;2;2;1;3
1337;2;2;2;1;1;1;2;2;1;2;1;2
1338;2;1;1;3;2;1;2;2;1;2;1;3
1339;2;1;1;3;1;2;2;2;2;2;1;3
1340;2;1;1;3;1;1;2;2;2;2;1;3
1341;2;1;1;3;2;2;2;2;2;2;1;3
1342;2;1;2;1;1;2;2;2;2;2;2;3
1343;2;1;2;2;1;2;2;2;1;2;1;3
1344;2;2;2;2;1;2;2;2;1;2;2;2
1345;2;2;2;2;1;2;2;2;1;2;1;1
1346;2;2;2;1;1;2;2;2;1;2;2;3
1347;2;2;2;2;1;1;2;2;1;2;2;3
1348;2;2;2;1;1;1;2;2;2;2;1;2
1349;2;2;2;1;2;1;2;2;2;1;2;3
1351;1;2;2;1;2;2;1;1;1;1;1;2
1353;2;2;2;2;2;2;1;1;1;2;2;2
1355;1;2;2;2;1;2;1;1;2;1;1;2
1357;1;2;2;1;1;2;1;1;2;1;2;2
1358;1;2;2;1;2;2;1;1;1;1;1;2
1359;1;2;2;1;1;2;1;1;1;1;1;2
1361;1;2;2;1;2;2;1;1;1;1;1;2
1362;1;1;2;2;1;2;1;1;1;1;2;2
1364;2;2;2;2;1;2;2;2;2;1;2;2
1365;2;2;2;1;1;1;1;2;2;1;1;2
1366;1;2;1;2;2;2;1;1;1;1;2;2
1367;1;2;2;1;1;2;1;1;1;1;1;2
1368;2;2;2;1;1;2;2;1;2;1;2;3
1369;2;2;2;1;1;2;2;2;2;1;1;2
1370;1;2;2;1;1;2;1;1;1;1;1;2
1371;2;1;2;1;1;1;1;2;2;1;1;2
1372;2;2;2;1;1;2;2;2;1;1;2;2
1374;1;2;1;2;1;2;1;1;1;1;1;2
1375;1;2;2;1;2;2;2;1;1;1;1;2
1376;1;2;2;2;1;2;1;1;2;1;1;2
1381;1;2;1;1;1;1;2;1;1;1;1;2
1382;1;2;1;1;2;2;1;1;2;1;1;1
1383;1;2;2;1;2;2;1;1;1;1;1;2
1384;2;2;2;2;1;2;2;2;2;2;1;2
1385;1;2;1;1;2;2;1;1;1;2;1;2
1386;1;2;1;1;1;2;1;1;1;1;1;2
1387;2;2;2;1;1;2;1;2;1;1;2;2
1388;2;2;2;1;2;2;2;2;1;2;1;2
1389;1;2;2;1;1;2;1;1;2;1;1;1
1392;1;2;1;1;2;2;1;1;1;2;1;2
1393;2;2;2;1;2;2;1;2;1;2;2;2
1395;1;2;2;1;2;2;1;1;1;1;1;2
1396;1;2;1;1;1;2;1;1;1;1;1;2
1397;2;2;1;2;1;1;2;2;2;1;1;3
1398;1;2;2;1;2;2;1;1;2;1;2;2
1399;1;2;2;1;1;2;1;1;2;1;1;1
1400;2;2;2;1;2;2;2;2;1;2;2;3
1401;2;1;2;2;1;2;2;2;2;2;2;1
1402;1;2;2;1;2;2;1;1;1;1;1;2
1403;1;2;2;1;2;2;1;1;1;1;1;2
1404;1;2;1;1;2;2;1;1;2;1;1;2
1405;1;1;1;1;1;2;1;1;2;1;1;2
1407;1;2;2;1;1;2;1;1;2;1;2;3
1408;1;1;1;1;2;2;1;1;2;2;1;3
1409;2;1;1;1;1;2;2;2;1;2;1;3
1410;2;1;1;1;1;2;2;2;2;1;1;3
1412;1;2;1;1;2;2;1;1;1;1;1;2
1413;1;2;2;1;2;2;1;1;1;1;1;2
1414;1;2;2;1;1;2;2;2;2;1;1;2
1415;1;2;2;1;2;2;1;1;2;1;1;3
